create database practice_joins_subquery;
use practice_joins_subquery;

-- In the Below Section, Create and Insert queries only are generated by AI
-- Rather than it, Joins and Subqueries are written by me

-----------------------------------
-- [SQL JOIN Practice Questions] --
-- -----------------------------------

-- ============================================================================
-- SECTION 1: CORE SCHEMA (Departments, Employees, Projects)
-- Targets: Q1-Q15, Q22-Q23, Q26-Q27, Q30-Q31, Q36, Q41
-- ============================================================================

CREATE TABLE departments (
    dept_id INT PRIMARY KEY,
    dept_name VARCHAR(50) NOT NULL
);

CREATE TABLE employees (
    emp_id INT PRIMARY KEY,
    emp_name VARCHAR(50) NOT NULL,
    salary DECIMAL(10,2),
    hire_date DATE,
    dept_id INT,
    manager_id INT,
    FOREIGN KEY (dept_id) REFERENCES departments(dept_id),
    FOREIGN KEY (manager_id) REFERENCES employees(emp_id)
);

CREATE TABLE projects (
    project_id INT PRIMARY KEY,
    project_name VARCHAR(50) NOT NULL
);

CREATE TABLE employee_projects (
    emp_id INT,
    project_id INT,
    PRIMARY KEY (emp_id, project_id),
    FOREIGN KEY (emp_id) REFERENCES employees(emp_id),
    FOREIGN KEY (project_id) REFERENCES projects(project_id)
);

-- Insert Data
INSERT INTO departments (dept_id, dept_name) VALUES
(10, 'Executive'),
(20, 'HR'),
(30, 'Sales'),
(40, 'Finance'),
(50, 'IT'); -- IT has no employees (For Right Join tests)

INSERT INTO employees (emp_id, emp_name, salary, hire_date, dept_id, manager_id) VALUES
(1, 'Alice', 150000.00, '2020-01-15', 10, NULL),   -- CEO (No Manager)
(2, 'Bob',   90000.00,  '2021-03-10', 20, 1),      -- HR Manager (Reports to Alice)
(3, 'Charlie',110000.00, '2019-06-01', 30, 1),     -- Sales Manager (Joined EARLIER than manager Alice)
(4, 'David',  95000.00,  '2021-08-22', 20, 2),      -- HR Specialist (Earns MORE than manager Bob)
(5, 'Emma',   70000.00,  '2022-05-14', 30, 3),      -- Sales Rep (Same dept as manager Charlie)
(6, 'Frank',  60000.00,  '2022-11-05', 40, 3),      -- Finance Staff (Different dept than manager)
(7, 'Grace',  90000.00,  '2021-12-01', 20, 2),      -- HR Staff (Same salary & same hire year as Bob)
(8, 'Henry',  55000.00,  '2023-02-28', NULL, NULL); -- No Department, No Manager

INSERT INTO projects (project_id, project_name) VALUES
(101, 'Project Alpha'),
(102, 'Project Beta'),
(103, 'Project Gamma'),
(104, 'Project Delta'); -- Unassigned project

INSERT INTO employee_projects (emp_id, project_id) VALUES
(1, 101), (2, 101), (3, 102), (4, 102), (5, 103);


-- ============================================================================
-- SECTION 2: E-COMMERCE SCHEMA (Customers, Orders, Products, Sales, Suppliers, Categories)
-- Targets: Q16-Q19, Q32-Q35, Q37, Q39, Q40, Q48
-- ============================================================================

CREATE TABLE customers (
    customer_id INT PRIMARY KEY,
    customer_name VARCHAR(50) NOT NULL
);

CREATE TABLE orders (
    order_id INT PRIMARY KEY,
    customer_id INT,
    order_date DATE,
    FOREIGN KEY (customer_id) REFERENCES customers(customer_id)
);

CREATE TABLE categories (
    category_id INT PRIMARY KEY,
    category_name VARCHAR(50) NOT NULL
);

CREATE TABLE suppliers (
    supplier_id INT PRIMARY KEY,
    supplier_name VARCHAR(50) NOT NULL
);

CREATE TABLE products (
    product_id INT PRIMARY KEY,
    product_name VARCHAR(50) NOT NULL,
    category_id INT,
    supplier_id INT,
    FOREIGN KEY (category_id) REFERENCES categories(category_id),
    FOREIGN KEY (supplier_id) REFERENCES suppliers(supplier_id)
);

CREATE TABLE sales (
    sale_id INT PRIMARY KEY,
    order_id INT,
    product_id INT,
    quantity INT,
    FOREIGN KEY (order_id) REFERENCES orders(order_id),
    FOREIGN KEY (product_id) REFERENCES products(product_id)
);

CREATE TABLE vendors (
    vendor_id INT PRIMARY KEY,
    vendor_name VARCHAR(50) NOT NULL
);

CREATE TABLE purchase_orders (
    po_id INT PRIMARY KEY,
    po_amount DECIMAL(10,2),
    vendor_id INT
);

-- Insert Data
INSERT INTO customers (customer_id, customer_name) VALUES
(1, 'Tom'), (2, 'Jerry'), (3, 'John'); -- John has no orders

INSERT INTO orders (order_id, customer_id, order_date) VALUES
(501, 1, '2026-01-10'), (502, 2, '2026-02-15'), (503, 1, '2026-03-20'),
(504, NULL, '2026-03-25'); -- Order with no registered customer (For Full Join)

INSERT INTO categories (category_id, category_name) VALUES
(1, 'Electronics'), (2, 'Clothing'), (3, 'Books'); -- Books has no products

INSERT INTO suppliers (supplier_id, supplier_name) VALUES
(10, 'Apex Tech'), (20, 'Vogue Attire'), (30, 'Global Tradelink'); -- Global Tradelink supplies nothing

INSERT INTO products (product_id, product_name, category_id, supplier_id) VALUES
(201, 'Laptop', 1, 10), (202, 'T-Shirt', 2, 20), (203, 'Tablet', 1, 10),
(204, 'Ghost Item', NULL, NULL); -- Product without category/supplier

INSERT INTO sales (sale_id, order_id, product_id, quantity) VALUES
(901, 501, 201, 1), (902, 502, 202, 2), (903, 503, 201, 1),
(904, NULL, 203, 1); -- Sale entry with no order attached (For Full Join)

INSERT INTO vendors VALUES (1, 'Acme Corp'), (2, 'Stark Industries'), (3, 'New Vendor Ltd');
INSERT INTO purchase_orders VALUES (99, 5000.00, 1), (98, 12000.00, 2), (97, 350.00, NULL);


-- ============================================================================
-- SECTION 3: ACADEMIA & MEDIA SCHEMA (Students, Courses, Books, Authors, Libraries)
-- Targets: Q20-Q21, Q24-Q25, Q28-Q29, Q38, Q42, Q45, Q47, Q50
-- ============================================================================

CREATE TABLE students (
    student_id INT PRIMARY KEY,
    student_name VARCHAR(50) NOT NULL
);

CREATE TABLE courses (
    course_id INT PRIMARY KEY,
    course_name VARCHAR(50) NOT NULL
);

CREATE TABLE enrollments (
    student_id INT,
    course_id INT,
    PRIMARY KEY (student_id, course_id),
    FOREIGN KEY (student_id) REFERENCES students(student_id),
    FOREIGN KEY (course_id) REFERENCES courses(course_id)
);

CREATE TABLE authors (
    author_id INT PRIMARY KEY,
    author_name VARCHAR(50) NOT NULL
);

CREATE TABLE books (
    book_id INT PRIMARY KEY,
    title VARCHAR(100) NOT NULL,
    author_id INT
);

CREATE TABLE book_issues (
    issue_id INT PRIMARY KEY,
    book_id INT,
    student_id INT,
    issue_date DATE,
    FOREIGN KEY (book_id) REFERENCES books(book_id),
    FOREIGN KEY (student_id) REFERENCES students(student_id)
);

CREATE TABLE teachers (
    teacher_id INT PRIMARY KEY,
    teacher_name VARCHAR(50) NOT NULL
);

CREATE TABLE subjects (
    subject_id INT PRIMARY KEY,
    subject_name VARCHAR(50) NOT NULL,
    teacher_id INT
);

CREATE TABLE movies (
    movie_id INT PRIMARY KEY,
    title VARCHAR(50) NOT NULL
);

CREATE TABLE ratings (
    rating_id INT PRIMARY KEY,
    movie_id INT,
    stars INT
);

CREATE TABLE libraries (
    library_id INT PRIMARY KEY,
    library_name VARCHAR(50) NOT NULL
);

CREATE TABLE library_books (
    lib_book_id INT PRIMARY KEY,
    title VARCHAR(50) NOT NULL,
    library_id INT
);

-- Insert Data
INSERT INTO students (student_id, student_name) VALUES
(1, 'Alex'), (2, 'Ryan'), (3, 'Sam'); -- Sam is not enrolled anywhere

INSERT INTO courses (course_id, course_name) VALUES
(301, 'SQL Basics'), (302, 'Web Dev'), (303, 'Data Science'); -- Data Science has no students

INSERT INTO enrollments (student_id, course_id) VALUES
(1, 301), (1, 302), (2, 301);

INSERT INTO authors VALUES (10, 'George Orwell'), (20, 'J.K. Rowling'), (30, 'Unpublished Author');
INSERT INTO books VALUES (401, '1984', 10), (402, 'Harry Potter', 20), (403, 'Anonymous Tales', NULL); -- Book with no author

INSERT INTO book_issues (issue_id, book_id, student_id, issue_date) VALUES
(801, 401, 1, '2026-04-01'), (802, 402, 2, '2026-04-05'); -- Book 403 is never issued

INSERT INTO teachers VALUES (1, 'Prof. Higgins'), (2, 'Prof. Snape'), (3, 'Substitute Teacher');
INSERT INTO subjects VALUES (10, 'English', 1), (20, 'Potions', 2), (30, 'Quantum Physics', NULL);

INSERT INTO movies VALUES (1, 'Inception'), (2, 'Avatar'), (3, 'Unreleased Indie Film');
INSERT INTO ratings VALUES (101, 1, 5), (102, 2, 4), (103, NULL, 3);

INSERT INTO libraries VALUES (1, 'Central Library'), (2, 'Westside Reading Room'), (3, 'Archived Facility');
INSERT INTO library_books VALUES (10, 'Moby Dick', 1), (20, 'Hamlet', 2), (30, 'Rare Manuscript', NULL);


-- ============================================================================
-- SECTION 4: HEALTHCARE, SPORTS, AVIATION & BANKING SCHEMA
-- Targets: Q43, Q44, Q46, Q49
-- ============================================================================

CREATE TABLE doctors (
    doctor_id INT PRIMARY KEY,
    doctor_name VARCHAR(50) NOT NULL
);

CREATE TABLE patients (
    patient_id INT PRIMARY KEY,
    patient_name VARCHAR(50) NOT NULL,
    doctor_id INT
);

CREATE TABLE teams (
    team_id INT PRIMARY KEY,
    team_name VARCHAR(50) NOT NULL
);

CREATE TABLE players (
    player_id INT PRIMARY KEY,
    player_name VARCHAR(50) NOT NULL,
    team_id INT
);

CREATE TABLE branches (
    branch_id INT PRIMARY KEY,
    branch_name VARCHAR(50) NOT NULL
);

CREATE TABLE branch_employees (
    emp_id INT PRIMARY KEY,
    emp_name VARCHAR(50) NOT NULL,
    branch_id INT
);

CREATE TABLE airports (
    airport_code VARCHAR(3) PRIMARY KEY,
    airport_name VARCHAR(50) NOT NULL
);

CREATE TABLE flights (
    flight_id INT PRIMARY KEY,
    flight_number VARCHAR(10),
    origin_airport VARCHAR(3)
);

-- Insert Data
INSERT INTO doctors VALUES (1, 'Dr. Smith'), (2, 'Dr. Adams'), (3, 'Dr. Unassigned');
INSERT INTO patients VALUES (101, 'John Doe', 1), (102, 'Jane Roe', 2), (103, 'Lone Patient', NULL);

INSERT INTO teams VALUES (1, 'Red Rockets'), (2, 'Blue Bombers'), (3, 'Green Giants');
INSERT INTO players VALUES (10, 'Striker A', 1), (20, 'Defender B', 2), (30, 'Free Agent', NULL);

INSERT INTO branches VALUES (1, 'Downtown'), (2, 'Uptown'), (3, 'Empty Outpost');
INSERT INTO branch_employees VALUES (50, 'Cashier Fox', 1), (51, 'Teller Wolf', 2), (52, 'Remote Contractor', NULL);

INSERT INTO airports VALUES ('JFK', 'John F. Kennedy'), ('LAX', 'Los Angeles'), ('ORD', 'O-Hare International');
INSERT INTO flights VALUES (1, 'AA100', 'JFK'), (2, 'UA200', 'LAX'), (3, 'CH777', NULL);

-- [SELF JOIN ] --
-- 1. Find employees along with their manager names.
select e.emp_name as Employee, m.emp_name as Manager
from employees e left join employees m
on e.manager_id = m.emp_id;

-- 2. Display employees who earn more than their managers.
select e.emp_name
from employees e inner join employees m
on e.manager_id = m.emp_id
where e.salary > m.salary;

-- 3. Find employees working in the same department as their manager.
select e.emp_name
from employees e inner join employees m
on e.manager_id = m.emp_id
where e.dept_id = m.dept_id;

-- 4. Show all employee pairs working in the same department.
select e1.emp_name, e2.emp_name, e1.dept_id
from employees e1 inner join employees e2
on e1.dept_id = e2.dept_id
and e1.emp_id <> e2.emp_id;

-- 5. Find employees who joined earlier than their managers.
select e1.emp_name as Employee, e2.emp_name as Manager, e1.hire_date
from employees e1 inner join employees e2
on e1.manager_id = e2.emp_id
where e1.hire_date < e2.hire_date;

-- 6. Display employees and their manager salaries.
select e1.emp_name as Employee, e2.salary as "Manager's Salary"
from employees e1 inner join employees e2
on e1.manager_id = e2.emp_id;

-- 7. Find employees whose manager is from the HR department.
select e1.emp_name as Employee, e2.emp_name as Manager, d.dept_name
from employees e1 inner join employees e2 on e1.manager_id = e2.emp_id
left join departments d on e2.dept_id = d.dept_id
where d.dept_name = "HR";

-- 8. List employees who do not have managers.
select e1.emp_name as Employee, e2.emp_name as Manager
from employees e1 left join employees e2
on e1.manager_id = e2.emp_id
where e1.manager_id is null;

-- 9. Find manager names with the number of employees under them.
select distinct e2.emp_name, count(*) as emp_count
from employees e1 inner join employees e2
on e1.manager_id = e2.emp_id
group by e1.manager_id;

-- 10. Display employees having the same salary as their managers.
select e1.emp_name as Employee, e1.salary as "Employee's Salary",
e2.emp_name as Manager, e2.salary as "Manager's Salary"
from employees e1 inner join employees e2
on e1.manager_id = e2.emp_id
where e1.salary = e2.salary;

-- 11. Find employees whose manager joined in the same year.
select e1.emp_name, e1.hire_date, e2.emp_name, e2.hire_date
from employees e1 inner join employees e2
on e1.manager_id = e2.emp_id
where e1.hire_date = e2.hire_date;

-- 12. Show hierarchy levels up to manager’s manager.
select e1.emp_name as Employee, e2.emp_name as Manager, e3.emp_name as "Manager's Manager Name"
from employees e1 left join employees e2 on e1.manager_id = e2.emp_id
left join employees e3 on e2.manager_id = e3.emp_id;


-- [LEFT JOIN] -- 

-- 13. Display all employees and their department names.
select e.emp_name, d.dept_name
from employees e left join departments d
on e.dept_id = d.dept_id;

-- 14. Show all departments even if no employees exist.
select e.emp_name, d.dept_name
from employees e right join departments d
on e.dept_id = d.dept_id;

-- 15. Find employees without departments.
select e.emp_name
from employees e left join departments d
on e.dept_id = d.dept_id
where d.dept_id is null;

-- 16. Display all customers and their orders.
select c.customer_name, o.order_id
from customers c left join orders o
on c.customer_id = o.customer_id;

-- 17. Show customers who never placed orders.
select c.customer_name
from customers c left join orders o
on c.customer_id = o.customer_id
where o.order_id is null;

-- 18. Display all products and their sales details.
select p.product_name, s.*
from products p left join sales s
on p.product_id = s.product_id;

-- 19. Find products that were never sold.
select p.product_name, s.order_id
from products p left join sales s
on p.product_id = s.product_id
where s.order_id is null;

-- 20. Show all students with their course enrollments.
select s.student_name, c.course_name
from students s inner join enrollments e on s.student_id = e.student_id
left join courses c on e.course_id = c.course_id;

-- 21. Find students not enrolled in any course.
select s.student_name
from students s left join enrollments e
on s.student_id = e.student_id
where e.course_id is null;

-- 22. Display all employees with project names if assigned.
select e.emp_name, p.project_name
from employees e left join employee_projects ep on e.emp_id = ep.emp_id
left join projects p on ep.project_id = p.project_id;

-- 23. Find employees not assigned to any project.
select e.emp_name
from employees e left join employee_projects ep on e.emp_id = ep.emp_id
left join projects p on ep.project_id = p.project_id
where ep.emp_id is null;

-- 24. Display all books and issued records.
select b.title, bi.*
from books b left join book_issues bi
on b.book_id = bi.book_id;

-- 25. Find books never issued.
select b.title
from books b left join book_issues bi
on b.book_id = bi.book_id
where bi.book_id is null;

-- 26. Display all departments with employee details.
select d.dept_name, e.*
from employees e right join departments d
on d.dept_id = e.dept_id;

-- 27. Find departments without employees.
select d.dept_name
from employees e right join departments d
on e.dept_id = d.dept_id
where e.emp_name is null;

-- 28. Show all courses with enrolled students.
select c.course_name, s.*
from students s left join enrollments e on s.student_id = e.student_id
right join courses c on e.course_id = c.course_id;

-- 29. Find courses with no students enrolled.
select c.course_name
from enrollments e right join courses c
on e.course_id = c.course_id
where e.course_id is null;

-- 30. Display all projects and assigned employees.
select p.project_name, e.emp_name
from employees e left join employee_projects ep on e.emp_id = ep.emp_id
right join projects p on ep.project_id = p.project_id;

-- 31. Find projects with no assigned employees.
select p.project_name, e.emp_name
from employees e left join employee_projects ep on e.emp_id = ep.emp_id
right join projects p on ep.project_id = p.project_id
where e.emp_name is null;

-- 32. Show all suppliers and products supplied.
select s.supplier_name, p.product_name
from products p right join suppliers s
on p.supplier_id = s.supplier_id;

-- 33. Find suppliers supplying no products.
select s.supplier_name, p.product_name
from products p right join suppliers s
on p.supplier_id = s.supplier_id
where p.product_name is null;

-- 34. Display all categories with products.
select c.category_name, p.product_name
from products p right join categories c
on p.category_id = c.category_id;

-- 35. Find categories having no products.
select c.category_name, p.product_name
from products p right join categories c
on p.category_id = c.category_id
where p.product_name is null;

-- 36. Display all employees and all departments including unmatched rows.
select e.emp_name, d.dept_name
from employees e left join departments d on e.dept_id = d.dept_id
union
select e.emp_name, d.dept_name
from employees e right join departments d on e.dept_id = d.dept_id;

-- 37. Show all customers and all orders including customers without orders and orders without customers.
select c.customer_name, o.order_id
from customers c left join orders o on c.customer_id = o.customer_id
union
select c.customer_name, o.order_id
from customers c right join orders o on c.customer_id = o.customer_id;

-- 38. Display all students and all courses including unassigned records.
SELECT s.student_name, c.course_name
FROM students s LEFT JOIN enrollments e ON s.student_id = e.student_id
LEFT JOIN courses c ON e.course_id = c.course_id
UNION
SELECT s.student_name, c.course_name
FROM students s RIGHT JOIN enrollments e ON s.student_id = e.student_id
RIGHT JOIN courses c ON e.course_id = c.course_id;

-- 39. Show all products and sales including unsold products.
select p.product_name, s.*
from products p left join sales s on p.product_id = s.product_id
union
select p.product_name, s.*
from products p right join sales s on p.product_id = s.product_id;

-- 40. Display all suppliers and products including unmatched suppliers/products.
select *
from suppliers s left join products p on s.supplier_id = p.supplier_id
union
select *
from suppliers s right join products p on s.supplier_id = p.supplier_id;

-- 41. Find all employees and managers including employees without managers.
select e.emp_name as Employee, m.emp_name as Manager
from employees e left join employees m on e.manager_id = m.emp_id
union
select e.emp_name, m.emp_name
from employees e left join employees m on e.manager_id = m.emp_id;

-- 42. Show all authors and books including authors without books.
select a.author_name, b.title
from authors a left join books b on a.author_id = b.author_id
union
select a.author_name, b.title
from authors a right join books b on a.author_id = b.author_id;

-- 43. Display all doctors and patients including unmatched entries.
select *
from doctors d left join patients p on d.doctor_id = p.doctor_id
union
select *
from doctors d right join patients p on d.doctor_id = p.doctor_id;

-- 44. Show all teams and players including teams without players.
select *
from teams t left join players p on t.team_id = p.team_id
union
select *
from teams t right join players p on t.team_id = p.team_id;

-- 45. Display all movies and ratings including unrated movies.
select *
from movies m left join ratings r on m.movie_id = r.movie_id
union
select *
from movies m right join ratings r on m.movie_id = r.movie_id;

-- 46. Show all branches and employees including empty branches.
select *
from branches b left join branch_employees be on b.branch_id = be.branch_id
union
select *
from branches b right join branch_employees be on b.branch_id = be.branch_id;

-- 47. Display all teachers and subjects including unassigned subjects.
select *
from teachers t left join subjects s on t.teacher_id = s.teacher_id
union
select *
from teachers t right join subjects s on t.teacher_id = s.teacher_id;

-- 48. Show all vendors and purchase orders including unmatched rows.
select *
from vendors v left join purchase_orders po on v.vendor_id = po.vendor_id
union
select *
from vendors v right join purchase_orders po on v.vendor_id = po.vendor_id;

-- 49. Display all airports and flights including airports without flights.
select *
from airports a left join flights f on a.airport_code = f.origin_airport
union
select *
from airports a right join flights f on a.airport_code = f.origin_airport;

-- 50. Show all libraries and books including libraries without books.
select *
from libraries l left join library_books lb on l.library_id = lb.library_id
union
select *
from libraries l right join library_books lb on l.library_id = lb.library_id;








-- In the Below Section, Create and Insert queries are only generated by AI

-- ============================================================================
--                              [SubQueries]
-- ============================================================================

create database practice_subqueries;
use practice_subqueries;

-- ============================================================================
-- SECTION 1 : DEPARTMENTS + EMPLOYEES + PROJECTS
-- Covers:
-- Q1-Q10, Q14-Q18, Q19-Q20, Q23, Q25-Q26, Q29, Q32, Q34,
-- Q36-Q38, Q42, Q44, Q48, Q50
-- ============================================================================

CREATE TABLE departments (
    dept_id INT PRIMARY KEY,
    dept_name VARCHAR(50),
    location VARCHAR(50)
);

CREATE TABLE employees (
    emp_id INT PRIMARY KEY,
    emp_name VARCHAR(50),
    salary DECIMAL(10,2),
    hire_date DATE,
    dept_id INT,
    manager_id INT,
    team_name VARCHAR(50),
    FOREIGN KEY (dept_id) REFERENCES departments(dept_id)
);

CREATE TABLE executive (
    exec_id INT PRIMARY KEY,
    manager_id INT
);

CREATE TABLE projects (
    project_id INT PRIMARY KEY,
    project_name VARCHAR(50),
    dept_id INT,
    FOREIGN KEY (dept_id) REFERENCES departments(dept_id)
);

INSERT INTO departments VALUES
(10, 'HR', 'Chennai'),
(20, 'Sales', 'Bangalore'),
(30, 'Finance', 'Delhi'),
(40, 'IT', 'Mumbai'),
(50, 'Support', 'Chennai');

INSERT INTO employees VALUES
(101, 'Ravi', 90000, '2021-01-10', 10, NULL, 'Alpha'),
(102, 'Meena', 85000, '2020-03-15', 20, 101, 'Alpha'),
(103, 'Kavi', 70000, '2022-07-01', 10, 101, 'Beta'),
(104, 'Arun', 95000, '2019-09-20', 30, 102, 'Beta'),
(105, 'Divya', 60000, '2023-01-11', 20, 102, 'Gamma'),
(106, 'John', 120000, '2018-05-05', 40, NULL, 'Gamma'),
(107, 'Sara', 55000, '2023-02-14', 40, 106, 'Gamma'),
(108, 'David', 40000, '2024-01-01', 50, 101, 'Alpha'),
(109, 'Priya', 75000, '2022-10-10', 10, 101, 'Beta'),
(110, 'Vikram', 120000, '2021-08-08', 20, 106, 'Gamma');

INSERT INTO executive VALUES
(1, 101),
(2, 106);

INSERT INTO projects VALUES
(1, 'ERP System', 40),
(2, 'Payroll', 10),
(3, 'CRM', 20),
(4, 'Audit', 30);

-- ============================================================================
-- SECTION 2 : PRODUCTS + CUSTOMERS + ORDERS
-- Covers:
-- Q11, Q13, Q21-Q22, Q27, Q30, Q39-Q40, Q46-Q47, Q49
-- ============================================================================

CREATE TABLE categories (
    category_id INT PRIMARY KEY,
    category_name VARCHAR(50)
);

CREATE TABLE suppliers (
    supplier_id INT PRIMARY KEY,
    supplier_name VARCHAR(50),
    country VARCHAR(50)
);

CREATE TABLE products (
    product_id INT PRIMARY KEY,
    product_name VARCHAR(50),
    price DECIMAL(10,2),
    category_id INT,
    supplier_id INT,
    FOREIGN KEY (category_id) REFERENCES categories(category_id),
    FOREIGN KEY (supplier_id) REFERENCES suppliers(supplier_id)
);

CREATE TABLE customers (
    customer_id INT PRIMARY KEY,
    customer_name VARCHAR(50)
);

CREATE TABLE orders (
    order_id INT PRIMARY KEY,
    customer_id INT,
    product_id INT,
    quantity INT,
    FOREIGN KEY (customer_id) REFERENCES customers(customer_id),
    FOREIGN KEY (product_id) REFERENCES products(product_id)
);

INSERT INTO categories VALUES
(1, 'Electronics'),
(2, 'Clothing'),
(3, 'Books');

INSERT INTO suppliers VALUES
(1, 'TechCorp', 'India'),
(2, 'FashionHub', 'USA'),
(3, 'BookWorld', 'India');

INSERT INTO products VALUES
(101, 'Laptop', 75000, 1, 1),
(102, 'Mobile', 40000, 1, 1),
(103, 'TV', 55000, 1, 1),
(104, 'Shirt', 2000, 2, 2),
(105, 'Jeans', 3500, 2, 2),
(106, 'SQL Book', 800, 3, 3),
(107, 'AI Book', 1200, 3, 3);

INSERT INTO customers VALUES
(1, 'Tom'),
(2, 'Jerry'),
(3, 'Alex'),
(4, 'Sam');

INSERT INTO orders VALUES
(1001, 1, 101, 1),
(1002, 1, 102, 2),
(1003, 2, 104, 3),
(1004, 3, 103, 1),
(1005, 2, 101, 1);

-- ============================================================================
-- SECTION 3 : STUDENTS + COURSES
-- Covers:
-- Q12, Q24, Q31, Q41
-- ============================================================================

CREATE TABLE students (
    student_id INT PRIMARY KEY,
    student_name VARCHAR(50),
    marks INT
);

CREATE TABLE teachers (
    teacher_id INT PRIMARY KEY,
    teacher_name VARCHAR(50)
);

CREATE TABLE courses (
    course_id INT PRIMARY KEY,
    course_name VARCHAR(50),
    teacher_id INT,
    FOREIGN KEY (teacher_id) REFERENCES teachers(teacher_id)
);

CREATE TABLE enrollments (
    student_id INT,
    course_id INT,
    PRIMARY KEY(student_id, course_id),
    FOREIGN KEY(student_id) REFERENCES students(student_id),
    FOREIGN KEY(course_id) REFERENCES courses(course_id)
);

INSERT INTO students VALUES
(1, 'Arun', 95),
(2, 'Kumar', 88),
(3, 'Deepa', 72),
(4, 'Nila', 95),
(5, 'Rakesh', 60);

INSERT INTO teachers VALUES
(1, 'John'),
(2, 'Smith');

INSERT INTO courses VALUES
(101, 'SQL', 1),
(102, 'Java', 1),
(103, 'Python', 2);

INSERT INTO enrollments VALUES
(1, 101),
(2, 101),
(3, 102),
(4, 103);

-- ============================================================================
-- SECTION 4 : BOOKS + AUTHORS
-- Covers:
-- Q17, Q28, Q43
-- ============================================================================

CREATE TABLE authors (
    author_id INT PRIMARY KEY,
    author_name VARCHAR(50),
    country VARCHAR(50)
);

CREATE TABLE books (
    book_id INT PRIMARY KEY,
    title VARCHAR(100),
    price DECIMAL(10,2),
    category VARCHAR(50),
    author_id INT,
    FOREIGN KEY(author_id) REFERENCES authors(author_id)
);

INSERT INTO authors VALUES
(1, 'George Orwell', 'USA'),
(2, 'Chetan Bhagat', 'India'),
(3, 'Rowling', 'UK');

INSERT INTO books VALUES
(1, '1984', 500, 'Fiction', 1),
(2, '2 States', 300, 'Romance', 2),
(3, 'Harry Potter', 800, 'Fantasy', 3),
(4, 'Animal Farm', 450, 'Fiction', 1);

-- ============================================================================
-- SECTION 5 : MOVIES + RATINGS
-- Covers:
-- Q33
-- ============================================================================

CREATE TABLE movies (
    movie_id INT PRIMARY KEY,
    movie_name VARCHAR(50)
);

CREATE TABLE ratings (
    rating_id INT PRIMARY KEY,
    movie_id INT,
    user_name VARCHAR(50),
    stars INT,
    FOREIGN KEY(movie_id) REFERENCES movies(movie_id)
);

INSERT INTO movies VALUES
(1, 'Inception'),
(2, 'Avatar'),
(3, 'Interstellar');

INSERT INTO ratings VALUES
(1, 1, 'Tom', 5),
(2, 1, 'Jerry', 4),
(3, 2, 'Alex', 5);

-- ============================================================================
-- SECTION 6 : BRANCHES
-- Covers:
-- Q45
-- ============================================================================

CREATE TABLE branches (
    branch_id INT PRIMARY KEY,
    branch_name VARCHAR(50)
);

CREATE TABLE branch_employees (
    emp_id INT PRIMARY KEY,
    emp_name VARCHAR(50),
    branch_id INT,
    FOREIGN KEY(branch_id) REFERENCES branches(branch_id)
);

INSERT INTO branches VALUES
(1, 'Chennai'),
(2, 'Bangalore'),
(3, 'Delhi');

INSERT INTO branch_employees VALUES
(1, 'A', 1),
(2, 'B', 1),
(3, 'C', 1),
(4, 'D', 2),
(5, 'E', 2);


-- 1. Find employees earning more than the average salary.
select emp_name, salary
from employees
where salary > (
	select avg(salary)
    from employees
);

-- 2. Find the employee with the highest salary.
select emp_name, salary
from employees
where salary = (
	select max(salary)
    from employees
);

-- 3. Display employees working in the same department as ‘Ravi’.
select emp_name, dept_id
from employees
where dept_id = (
	select dept_id
    from employees
    where emp_name = "Ravi"
);

-- 4. Find employees hired after the employee ‘Kavi’.
select emp_name, hire_date
from employees
where hire_date > (
	select hire_date
    from employees
    where emp_name = "Kavi"
);

-- 5. Find the second highest salary.
select emp_name, salary
from employees
where salary = (
	select distinct salary
    from employees
    order by salary desc
    limit 1
    offset 1
);

-- 6. Display employees earning less than the company average salary.
select emp_name, salary
from employees
where salary < (
	select avg(salary)
    from employees
);

-- 7. Find employees working in the department with maximum employees.
select emp_name, dept_id
from employees
where dept_id in (
	select dept_id
    from employees
    group by dept_id
    having count(*) = (
		select count(*)
        from employees
        group by dept_id
        order by count(*) desc
        limit 1
    )
);

-- 8. Find employees whose salary equals the minimum salary.
select emp_name, salary
from employees
where salary = (
	select min(salary)
    from employees
);

-- 9. Display employees working in the same location as ‘Meena’.
select e.emp_name, d.location
from employees e inner join departments d on e.dept_id = d.dept_id
where d.location = (
	select d.location
    from employees e inner join departments d on e.dept_id = d.dept_id
    where e.emp_name = "Meena"
);

-- 10. Find employees hired before the manager of employee 101.
select emp_name, hire_date
from employees
where hire_date < (
	select hire_date
    from employees
    where emp_id = (
		select manager_id
        from employees
        where emp_id = 101
    )
);

-- 11. Find products with price greater than average product price.
select product_name
from products
where price > (
	select avg(price)
    from products
);

-- 12. Display students scoring above average marks.
select student_name
from students
where marks > (
	select avg(marks)
    from students
);

-- 13. Find customers who made the highest purchase.
select c.customer_name, (p.price * o.quantity) as purchase_amount
from customers c join orders o on c.customer_id = o.customer_id
join products p on o.product_id = p.product_id
where (p.price * o.quantity) = (
    select max(p.price * o.quantity)
    from orders o
    join products p
    on o.product_id = p.product_id
);

-- 14. Display employees in the oldest department.
select emp_name
from employees
where dept_id in (
	select dept_id
    from employees
    where hire_date = (
		select min(hire_date)
        from employees
    )
);

-- 15. Find employees earning more than their department average.
select emp_name, dept_id, salary
from employees e
where salary > (
	select avg(salary)
    from employees
    where dept_id = e.dept_id
);

-- 16. Find the latest joined employee.
select emp_name, hire_date
from employees
where hire_date = (
	select max(hire_date)
    from employees
);

-- 17. Display books with price less than average book price.
select title
from books
where price < (
	select avg(price)
    from books
);

-- 18. Find employees whose manager has the highest salary.
select emp_name
from employees
where manager_id in (
    select emp_id
    from employees
    where salary = (
        select max(salary)
        from employees
    )
);

-- 19. Find employees working in departments located in Chennai or Bangalore.
select e.emp_name, d.location
from employees e left join departments d on e.dept_id = d.dept_id
where e.dept_id in (
	select dept_id
	from departments
	where location in ("Chennai", "Bangalore")
);

-- 20. Display employees whose salary matches salaries in HR department.
select emp_name
from employees
where salary in (
	select e.salary
    from employees e left join departments d on e.dept_id = d.dept_id
    where d.dept_name = "HR"
);

-- 21. Find products belonging to categories with more than 10 products.
select product_name, category_id
from products
where category_id in (
    select category_id
    from products
    group by category_id
    having count(*) > 10
);

-- 22. Display customers who ordered products 101, 102, or 103.
select customer_name
from customers
where customer_id in (
	select customer_id
    from orders
    where product_id in (101, 102, 103)
);

-- 23. Find employees working in departments having more than 5 employees.
select emp_name, dept_id
from employees
where dept_id in (
	select dept_id
    from employees
    group by dept_id
    having count(*) > 5
);

-- 24. Display students enrolled in courses handled by ‘John’.
select s.student_name
from students s join enrollments e on s.student_id = e.student_id
where e.course_id in (
	select c.course_id
    from teachers t join courses c on t.teacher_id = c.teacher_id
    where t.teacher_name = "John"
);

-- 25. Find employees whose salaries are among top 5 salaries.
select emp_name
from employees
where salary in (
	select salary from (
		select distinct salary
		from employees
		order by salary desc
		limit 5
	) as top_five
);

-- 26. Display employees not working in departments located in Delhi.
select emp_name
from employees
where dept_id not in (
	select dept_id
    from departments
    where location = "Delhi"
);

-- 27. Find suppliers supplying products priced above 5000.
select supplier_name
from suppliers
where supplier_id in (
	select supplier_id
    from products
    where price > 5000
);

-- 28. Display books written by authors from India or USA.
select title
from books
where author_id in (
	select author_id
    from authors
    where country in ("India", "USA")
);

-- 29. Find employees whose department IDs exist in projects table.
select emp_name
from employees
where dept_id in (
	select dept_id
    from projects
);

-- 30. Display customers who never ordered premium products.
select customer_name
from customers
where customer_id not in (
    select o.customer_id
    from orders o join products p on o.product_id = p.product_id
    where p.price > 50000
);

-- 31. Find students who scored marks matching toppers.
select student_name
from students
where marks = (
	select max(marks)
    from students
);

-- 32. Display employees working in departments having average salary above 60000.
select emp_name, dept_id
from employees
where dept_id in (
	select dept_id
	from employees
	group by dept_id
	having avg(salary) > 60000
);

-- 33. Find movies rated by multiple users.
select movie_name
from movies
where movie_id in (
	select movie_id
    from ratings
    group by movie_id
    having count(*) > 1
);

-- 34. Display employees whose manager IDs appear in executive table.
select emp_name
from employees
where manager_id in (
	select manager_id
    from executive
);

-- 35. Find projects handled by departments located in Mumbai.
select project_name
from projects
where dept_id in (
	select dept_id
    from departments
    where location = "Mumbai"
);

-- 36. Find employees earning more than the average salary of their department.
select emp_name, salary, dept_id
from employees e
where salary > (
	select avg(salary)
    from employees
    where dept_id = e.dept_id
);

-- 37. Display employees with the highest salary in each department.
select emp_name, salary, dept_id
from employees e
where salary = (
	select max(salary)
    from employees
    where dept_id = e.dept_id
);

-- 38. Find departments where average salary exceeds company average.
select distinct e.dept_id
from employees e
where (
	select avg(salary)
    from employees
    where dept_id = e.dept_id
) > (
	select avg(salary)
    from employees
);

-- 39. Display customers who placed more orders than average customers.
select c.customer_name
from customers c
where (
	select count(*)
    from orders o
    where o.customer_id = c.customer_id
) > (
	select avg(order_count)
    from (
		select count(*) as order_count
        from orders
        group by customer_id
    ) as avg
);

-- 40. Find products priced above category average price.
select product_name
from products p
where price > (
	select avg(price)
    from products
    where category_id = p.category_id
);

-- 41. Display students scoring above class average.
select student_name
from students
where marks > (
	select avg(marks)
    from students
);

-- 42. Find employees hired first in each department.
select emp_name
from employees e1
where hire_date = (
	select min(hire_date)
    from employees e2
    where e1.dept_id = e2.dept_id
);

-- 43. Display books costing more than average price in their category.
select title
from books b1
where price > (
	select avg(price)
    from books b2
    where b1.category = b2.category
);

-- 44. Find employees whose salary is the maximum in their team.
select emp_name
from employees e1
where salary = (
	select max(salary)
    from employees e2
    where e1.dept_id = e2.dept_id
);

-- 45. Display branches having more employees than average branch size.
select branch_name
from branches b
where (
    select count(*)
    from branch_employees be
    where b.branch_id = be.branch_id
) > (
    select avg(branch_count)
    from (
        select count(*) as branch_count
        from branch_employees
        group by branch_id
    ) as avg_table
);

-- 46. Find customers spending more than average customer spending.
select customer_name
from customers c
where (
    select sum(p.price * o.quantity)
    from orders o
    join products p
    on o.product_id = p.product_id
    where o.customer_id = c.customer_id
) > (
    select avg(total_spending)
    from (
        select sum(p.price * o.quantity) as total_spending
        from orders o
        join products p
        on o.product_id = p.product_id
        group by o.customer_id
    ) as avg_table
);

-- 47. Display suppliers supplying more products than average suppliers.
select supplier_name
from suppliers s
where (
    select count(*)
    from products p
    where p.supplier_id = s.supplier_id
) > (
    select avg(product_count)
    from (
        select count(*) as product_count
        from products
        group by supplier_id
    ) as avg_table
);

-- 48. Find departments with no employees.
select dept_name
from departments
where dept_id not in (
    select dept_id
    from employees
    where dept_id is not null
);

-- 49. Display products never ordered.
select product_name
from products
where product_id not in (
    select product_id
    from orders
);

-- 50. Find employees whose salary is greater than all employees in another department.	
select emp_name, salary
from employees e1
where exists (
    select dept_id
    from employees e2
    where e1.dept_id <> e2.dept_id
    group by dept_id
    having e1.salary > max(e2.salary)
);